{"cameraMode":{"drawMode":0,"name":"Shaded","section":"Shading Mode"},"sceneLighting":true,"audioPlay":false,"sceneViewState":{"m_AlwaysRefresh":false,"showFog":true,"showSkybox":true,"showFlares":true,"showImageEffects":true,"showParticleSystems":true,"showVisualEffectGraphs":true,"m_FxEnabled":true},"in2DMode":false,"pivot":{"x":354.13470458984377,"y":118.22737884521485,"z":13.79730224609375},"rotation":{"x":0.008384778164327145,"y":-0.05759603530168533,"z":0.000474914675578475,"w":0.9983217716217041},"size":402.81573486328127,"orthographic":false}